date,open,high,low,close,volume
2024-07-05,104.39,104.39,102.01,103.6,324870.0
2024-07-08,104.27,106.12,102.66,103.21,401474.0
2024-07-09,103.65,107.33,102.95,105.14,686822.0
2024-07-10,104.04,106.51,103.59,106.47,502864.0
2024-07-11,106.53,109.44,105.8001,109.22,740995.0
2024-07-12,108.66,111.29,107.67,109.9,849724.0
2024-07-15,111.01,115.04,110.93,114.42,1218565.0
2024-07-16,115.22,118.7067,114.41,118.61,1337899.0
2024-07-17,117.91,121.87,117.7,121.47,1155595.0
2024-07-18,119.85,123.6599,115.95,116.81,1597763.0
2024-07-19,116.5,117.165,112.83,113.45,833953.0
2024-07-22,114.0,115.62,112.39,115.36,887831.0
2024-07-23,115.77,117.39,115.11,115.66,659916.0
2024-07-24,114.0,115.2,111.0175,111.31,862283.0
2024-07-25,111.63,116.99,111.35,112.33,1073737.0
2024-07-26,113.9,118.25,113.61,117.37,999305.0
2024-07-29,118.03,118.2,114.94,116.54,798311.0
2024-07-30,118.7,121.9,118.6901,120.51,951430.0
2024-07-31,122.2,122.7,119.512,119.81,789153.0
2024-08-01,120.88,121.61,113.08,114.74,1338396.0
2024-08-02,110.38,111.8,103.99,106.18,2000735.0
2024-08-05,99.11,99.69,95.43,97.35,1319157.0
2024-08-06,98.26,104.85,97.27,101.27,896484.0
2024-08-07,105.0,107.65,101.33,101.64,776462.0
2024-08-08,103.61,106.9799,103.2,106.45,547354.0
2024-08-09,106.51,108.6795,105.21,107.81,479303.0
2024-08-12,108.77,109.24,105.53,106.24,465231.0
2024-08-13,107.98,108.92,105.69,108.72,419453.0
2024-08-14,109.5,113.31,109.31,112.8,583663.0
2024-08-15,116.49,117.7,114.76,116.13,470928.0
2024-08-16,115.39,118.21,115.39,118.15,400149.0
2024-08-19,118.51,120.225,118.4,120.11,426488.0
2024-08-20,119.89,120.05,118.25,118.85,374651.0
2024-08-21,119.75,119.95,116.51,118.41,431493.0
2024-08-22,118.64,120.24,118.41,120.22,368116.0
2024-08-23,121.27,124.1799,120.531,123.19,753082.0
2024-08-26,124.65,126.49,123.64,124.5,533037.0
2024-08-27,124.81,126.49,124.6,126.21,392081.0
2024-08-28,125.38,129.3021,124.96,127.33,927602.0
2024-08-29,128.77,131.8799,125.93,130.51,819800.0
2024-08-30,131.67,134.5,129.77,134.06,636990.0
2024-09-03,132.31,135.3,129.31,131.19,1151265.0
2024-09-04,131.62,134.38,129.6,131.28,601206.0
2024-09-05,132.83,133.33,125.43,127.25,651339.0
2024-09-06,126.7,129.13,120.64,121.49,1175208.0
2024-09-09,124.67,128.79,124.35,126.51,674594.0
2024-09-10,128.27,128.27,118.6,122.82,876913.0
2024-09-11,121.2,121.6599,113.6832,120.97,1017995.0
2024-09-12,121.92,123.04,118.85,121.81,441592.0
2024-09-13,123.03,124.25,122.1,123.03,447421.0
2024-09-16,124.42,127.6,124.42,127.44,485957.0
2024-09-17,128.27,130.73,128.0,129.53,581287.0
2024-09-18,129.93,132.605,127.51,128.25,676031.0
2024-09-19,132.35,133.5,129.5055,132.61,650648.0
2024-09-20,131.5,131.7127,129.32,131.27,391133.0
2024-09-23,132.09,133.59,131.02,131.74,331305.0
2024-09-24,130.08,130.08,126.595,127.87,599209.0
2024-09-25,127.76,128.52,124.45,125.42,467560.0
2024-09-26,126.7,128.28,125.42,127.47,473684.0
2024-09-27,127.93,130.91,127.6,128.43,342997.0
2024-09-30,127.71,130.0999,125.8,129.79,340298.0
2024-10-01,129.18,129.68,125.27,127.7,613615.0
2024-10-02,127.44,129.0,125.69,127.95,325431.0
2024-10-03,126.85,127.35,124.17,126.08,468789.0
2024-10-04,129.58,132.69,128.25,132.45,741149.0
2024-10-07,132.11,132.45,125.89,127.66,485005.0
2024-10-08,129.18,130.45,128.23,129.86,418689.0
2024-10-09,129.33,133.84,128.84,132.96,401515.0
2024-10-10,133.49,133.68,130.31,131.8,327338.0
2024-10-11,134.0,140.1,134.0,139.1,925262.0
2024-10-14,140.18,142.4,138.9101,141.7,544467.0
2024-10-15,145.0,147.23,142.37,142.95,995585.0
2024-10-16,144.33,148.2399,143.6438,147.85,706629.0
2024-10-17,150.0,151.04,148.96,149.3,455151.0
2024-10-18,149.29,150.1,146.66,149.42,423914.0
2024-10-21,148.54,149.4,144.73,145.39,442554.0
2024-10-22,143.73,145.38,141.28,144.75,1811767.0
2024-10-23,144.01,145.25,142.29,144.23,379953.0
2024-10-24,144.5,144.89,141.975,144.55,344132.0
2024-10-25,146.32,146.812,138.69,139.87,558574.0
2024-10-28,141.78,145.13,141.7,144.61,440149.0
2024-10-29,143.64,144.86,141.815,142.08,485391.0
2024-10-30,142.6,146.6166,142.37,144.01,410717.0
2024-10-31,143.64,144.65,138.28,138.31,482569.0
2024-11-01,139.23,142.5,138.31,138.8,444592.0
2024-11-04,138.99,139.34,133.8101,136.01,404052.0
2024-11-05,135.88,140.0,135.88,139.99,330686.0
2024-11-06,160.67,166.39,157.68,165.62,2372444.0
2024-11-07,163.7,164.0467,156.46,157.67,1140611.0
2024-11-08,160.16,163.98,158.04,161.31,710513.0
2024-11-11,165.94,170.5699,165.94,168.11,756027.0
2024-11-12,167.85,168.6079,165.0,166.59,505756.0
2024-11-13,167.72,170.32,166.135,166.78,424434.0
2024-11-14,168.08,168.9482,164.45,165.27,457108.0
2024-11-15,164.79,168.88,164.79,167.66,451343.0
2024-11-18,168.27,169.84,165.85,168.93,584433.0
2024-11-19,164.46,167.4,162.965,165.57,573988.0
2024-11-20,167.9,167.9,161.6,164.06,475967.0
2024-11-21,166.62,172.42,165.22,170.21,789336.0
2024-11-22,169.83,176.18,169.68,175.62,578756.0
2024-11-25,178.63,181.0,177.1201,178.98,678826.0
2024-11-26,179.16,181.2309,176.05,180.15,450185.0
2024-11-27,180.71,184.8834,180.64,181.15,459953.0
2024-11-29,183.4,184.25,180.9,182.0,296172.0
2024-12-02,182.69,183.21,175.04,176.66,815090.0
2024-12-03,178.5,179.0,172.45,172.6,659253.0
2024-12-04,172.5,172.5,168.67,170.58,601927.0
2024-12-05,171.08,174.47,170.6101,171.77,466216.0
2024-12-06,171.82,173.28,170.2,171.72,293015.0
2024-12-09,171.73,172.18,164.32,164.58,611997.0
2024-12-10,164.9,167.0,161.0,164.37,493951.0
2024-12-11,165.89,166.34,163.0629,165.39,414189.0
2024-12-12,165.77,166.88,163.0,163.21,266255.0
2024-12-13,164.57,164.99,161.2901,161.58,370069.0
2024-12-16,162.83,163.2784,160.57,161.64,334614.0
2024-12-17,159.5,159.53,156.4,157.91,508229.0
2024-12-18,158.78,159.86,143.37,144.06,1046758.0
2024-12-19,147.9,151.64,145.04,145.23,721831.0
2024-12-20,143.94,154.8,143.42,151.27,953663.0
2024-12-23,148.98,152.7,147.2,152.23,684720.0
2024-12-24,153.36,157.765,152.31,157.42,447852.0
2024-12-26,155.9,158.805,155.2,158.59,322642.0
2024-12-27,156.15,159.1,152.61,154.83,765409.0
2024-12-30,150.36,152.57,146.47,150.49,622402.0
2024-12-31,151.63,153.05,149.3601,150.98,545619.0
2025-01-02,153.08,154.87,147.2513,149.68,900477.0
2025-01-03,152.23,153.34,148.12,153.22,554319.0
2025-01-06,154.92,157.02,150.9,151.38,733654.0
2025-01-07,153.75,154.55,148.555,150.68,640113.0
2025-01-08,150.65,152.06,147.63,151.83,682049.0
2025-01-10,147.93,148.45,139.26,140.85,1126039.0
2025-01-13,138.72,143.92,138.22,143.57,877046.0
2025-01-14,145.44,149.39,144.46,148.99,862584.0
2025-01-15,158.61,161.65,155.96,160.67,1356121.0
2025-01-16,160.3,163.8999,160.1101,163.3,711519.0
2025-01-17,164.75,168.25,162.4998,167.41,980194.0
2025-01-21,169.16,172.18,169.0,171.55,702541.0
2025-01-22,171.23,171.63,167.1369,169.11,673874.0
2025-01-23,169.7,172.94,169.7,172.09,510270.0
2025-01-24,170.2,173.9,169.54,173.03,489506.0
2025-01-27,171.93,179.14,170.91,179.02,1170312.0
2025-01-28,178.11,180.34,175.8501,177.98,597217.0
2025-01-29,176.5,182.3278,176.5,177.66,510815.0
2025-01-30,181.99,185.3899,179.28,182.54,649372.0
2025-01-31,183.07,184.64,178.99,179.51,642692.0
2025-02-03,171.38,178.26,168.12,177.15,1032050.0
2025-02-04,177.21,178.2439,174.315,175.51,498730.0
2025-02-05,177.9,181.25,175.51,181.15,457991.0
2025-02-06,184.61,185.755,182.01,185.61,739460.0
2025-02-07,186.63,187.15,181.93,182.14,971517.0
2025-02-10,183.21,184.0,175.75,178.0,834778.0
2025-02-11,176.96,180.37,173.92,179.42,470878.0
2025-02-12,175.74,177.5599,172.875,176.88,956090.0
2025-02-13,178.75,181.49,176.4,180.73,522659.0
2025-02-14,181.42,183.93,181.2336,181.33,382150.0
2025-02-18,182.27,185.63,181.01,185.57,819254.0
2025-02-19,183.95,186.23,182.5,185.58,505761.0
2025-02-20,184.92,184.93,173.29,176.76,751942.0
2025-02-21,177.61,178.0,169.22,170.23,572624.0
2025-02-24,172.52,176.78,169.69,172.63,523168.0
2025-02-25,175.42,176.8,165.5501,172.16,663092.0
2025-02-26,172.5,175.87,170.11,171.08,433364.0
2025-02-27,172.86,180.61,172.5601,173.85,632153.0
2025-02-28,176.34,185.21,174.17,184.57,643316.0
2025-03-03,185.88,189.23,175.68,179.78,967584.0
2025-03-04,174.18,174.73,157.8301,160.75,1609282.0
2025-03-05,160.76,165.6677,157.16,163.61,997456.0
2025-03-06,157.5,160.9275,152.18,155.22,931993.0
2025-03-07,153.04,154.47,144.44,152.55,1142270.0
2025-03-10,144.96,147.74,137.1833,142.25,1103720.0
2025-03-11,141.61,142.76,135.74,138.52,998103.0
2025-03-12,142.98,143.58,135.17,139.28,803101.0
2025-03-13,139.84,142.51,135.7301,136.91,552508.0
2025-03-14,140.56,146.91,138.4576,146.3,680522.0
2025-03-17,144.59,153.4499,144.59,151.43,499026.0
2025-03-18,151.69,153.13,149.0,150.72,364918.0
2025-03-19,151.54,158.0,149.09,155.44,653780.0
2025-03-20,152.8,159.32,152.19,156.44,529146.0
2025-03-21,153.83,156.0,150.2351,153.92,501316.0
2025-03-24,159.0,163.5299,157.93,162.38,478548.0
2025-03-25,163.87,165.36,161.5,164.58,282821.0
2025-03-26,165.87,169.4,161.2717,163.19,674827.0
2025-03-27,161.82,164.66,158.38,162.0,373269.0
2025-03-28,160.71,163.15,150.8901,152.34,601112.0
2025-03-31,148.3,160.31,146.75,158.13,949007.0
2025-04-01,156.18,159.5,152.157,157.43,1064259.0
2025-04-02,153.89,162.88,153.185,161.59,671482.0
2025-04-03,142.9,146.77,136.73,137.28,1316985.0
2025-04-04,123.65,126.13,106.35,107.45,3189486.0
2025-04-07,96.16,117.55,92.66,106.73,2590763.0
2025-04-08,118.63,121.5,100.11,105.31,2056899.0
2025-04-09,100.56,131.45,98.822,128.86,3267821.0
2025-04-10,122.95,123.19,106.71,117.87,1802296.0
2025-04-11,115.48,125.78,113.5479,123.28,1401066.0
2025-04-14,129.08,130.8696,125.2,127.32,781595.0
2025-04-15,129.57,133.3,127.99,128.19,626481.0
2025-04-16,127.27,128.7,119.38,122.08,780793.0
2025-04-17,121.97,127.37,121.1968,123.1,789739.0
2025-04-21,121.0,121.99,111.0,115.11,810741.0
2025-04-22,120.1,127.215,119.0801,126.24,823263.0
2025-04-23,133.29,138.95,129.44,130.76,1341259.0
2025-04-24,129.57,135.7756,128.0,135.22,556213.0
2025-04-25,133.16,134.88,130.4765,133.35,504186.0
2025-04-28,134.72,137.645,131.5,134.59,536288.0
2025-04-29,134.37,139.0,132.56,138.32,518782.0
2025-04-30,133.99,140.51,128.5,138.78,932429.0
2025-05-01,138.0,141.625,136.3276,138.9,636491.0
2025-05-02,145.0,149.03,143.925,147.66,793357.0
2025-05-05,143.84,148.0,141.655,144.57,541580.0
2025-05-06,141.0,145.345,140.3805,142.23,475032.0
2025-05-07,143.14,146.75,143.0,144.58,639066.0
2025-05-08,148.03,152.55,147.0,147.96,1020645.0
2025-05-09,149.16,149.6499,146.77,148.01,543259.0
2025-05-12,160.32,160.32,154.1601,157.07,647235.0
2025-05-13,158.34,161.05,157.435,158.9,580530.0
2025-05-14,159.08,159.62,156.05,157.59,492772.0
2025-05-15,157.0,161.3899,156.865,160.93,654513.0
2025-05-16,160.07,164.14,159.4001,163.79,578036.0
2025-05-19,159.8,165.08,159.75,163.55,774499.0
2025-05-20,161.08,162.66,158.81,160.76,385308.0
2025-05-21,157.47,159.225,150.64,151.16,668084.0
2025-05-22,150.0,152.935,148.215,150.25,516708.0
2025-05-23,144.7,150.63,144.51,148.6,679877.0
2025-05-27,152.24,156.5899,150.47,156.36,530885.0
2025-05-28,156.16,157.204,152.61,153.27,321671.0
2025-05-29,154.85,155.61,151.28,155.32,387456.0
2025-05-30,153.905,157.1652,151.88,156.02,662021.0
2025-06-02,153.34,156.75,150.2,156.75,560477.0
2025-06-03,155.24,157.8,151.4,157.64,707061.0
2025-06-04,158.05,158.64,154.67,154.85,387673.0
2025-06-05,155.32,155.56,151.65,153.31,695573.0
2025-06-06,157.57,160.41,156.84,159.17,567959.0
2025-06-09,159.57,159.57,153.5,156.26,570883.0
2025-06-10,156.41,157.01,155.25,156.99,507426.0
2025-06-11,156.98,159.32,154.5,156.38,535346.0
2025-06-12,153.6,156.2,151.5401,156.11,525418.0
2025-06-13,150.14,151.2,145.17,146.59,1168539.0
2025-06-16,149.67,154.48,149.5,151.74,691712.0
2025-06-17,149.05,150.98,147.52,148.5,626264.0
2025-06-18,148.59,153.43,147.88,148.53,737113.0
2025-06-20,149.84,151.51,148.49,149.62,568300.0
2025-06-23,149.88,155.37,146.53,155.19,891947.0
2025-06-24,159.0,163.32,158.8705,161.46,848306.0
2025-06-25,161.71,161.71,158.92,159.7,544452.0
2025-06-26,160.41,163.77,159.91,163.24,625032.0
2025-06-27,163.5,167.4699,162.5,164.51,806358.0
2025-06-30,167.2,169.32,166.5,168.6,726288.0
2025-07-01,167.79,172.5,167.465,171.44,635536.0
2025-07-02,172.23,172.4899,168.41,171.0,675528.0
2025-07-03,171.95,177.24,171.6,176.64,550436.0
2025-07-07,175.63,176.98,168.7501,171.44,723292.0
2025-07-08,170.45,170.52,166.4012,166.7,564442.0
2025-07-09,169.18,169.4,166.07,168.46,540026.0
2025-07-10,168.09,171.8299,167.66,171.33,507520.0
2025-07-11,168.05,168.24,165.2,165.94,587045.0
2025-07-14,165.8,169.8,164.635,169.45,541770.0
2025-07-15,167.55,168.6,160.98,160.98,996843.0
2025-07-16,163.37,164.5701,157.75,164.49,945237.0
2025-07-17,162.73,169.59,162.16,168.7,599735.0
2025-07-18,169.5,170.0,168.01,168.88,414055.0
2025-07-21,169.21,172.7099,167.27,167.58,554007.0
2025-07-22,168.83,170.8,168.03,170.19,413371.0
2025-07-23,171.08,174.09,168.96,173.69,751064.0
2025-07-24,174.17,177.41,173.4,173.68,485768.0
2025-07-25,174.46,177.73,173.0,177.41,487521.0
2025-07-28,177.11,177.33,172.5001,173.43,457732.0
2025-07-29,174.5,175.79,169.79,170.64,437304.0
2025-07-30,170.84,173.035,167.4301,169.87,458079.0
2025-07-31,167.48,172.67,165.7,166.37,524364.0
2025-08-01,160.63,160.63,153.93,157.24,819730.0
2025-08-04,159.1,161.82,158.04,161.82,457079.0
2025-08-05,162.66,163.36,156.7,159.77,449706.0
2025-08-06,160.79,162.8,159.55,162.15,448466.0
2025-08-07,164.44,164.94,155.37,156.89,735892.0
2025-08-08,159.34,161.9699,157.78,160.9,487302.0
2025-08-11,161.74,162.5599,159.73,160.83,353547.0
2025-08-12,162.67,167.22,162.655,166.24,577324.0
2025-08-13,168.2,170.64,166.75,169.37,451675.0
2025-08-14,168.45,171.94,167.3,171.85,320666.0
2025-08-15,172.67,172.67,165.846,166.17,462220.0
2025-08-18,165.43,167.03,164.56,166.5,205538.0
2025-08-19,166.35,169.9099,165.905,167.22,314265.0
2025-08-20,167.76,171.08,166.37,169.84,490696.0
2025-08-21,168.19,169.08,164.9971,168.03,324270.0
2025-08-22,170.73,177.44,170.24,176.32,844148.0
2025-08-25,175.58,176.29,173.05,173.31,395520.0
2025-08-26,171.97,177.29,171.74,177.2,388324.0
2025-08-27,175.94,179.86,175.685,178.12,465162.0
2025-08-28,179.34,179.7187,177.41,178.77,270515.0
2025-08-29,179.0,181.53,178.24,180.01,395187.0
2025-09-02,176.95,177.05,171.3,175.92,656600.0
2025-09-03,175.28,176.0,171.6,175.12,432254.0
2025-09-04,176.73,180.691,175.72,180.53,419429.0
2025-09-05,180.91,182.165,168.5,170.49,947288.0
2025-09-08,170.84,171.26,168.1401,170.63,426513.0
2025-09-09,169.75,175.3799,169.0385,172.8,585952.0
2025-09-10,171.05,173.365,168.9601,171.1,440328.0
2025-09-11,171.73,179.78,171.5,179.49,633490.0
2025-09-12,178.52,179.72,176.2,177.06,444150.0
2025-09-15,177.86,179.8074,175.1909,176.0,289337.0
2025-09-16,175.66,175.66,171.73,174.61,479450.0
2025-09-17,175.33,181.9819,175.32,179.62,856505.0
2025-09-18,179.68,183.68,178.65,179.93,478016.0
2025-09-19,181.27,182.52,177.7517,180.73,507730.0
2025-09-22,177.52,180.8,176.6093,180.3,307153.0
2025-09-23,179.6,184.745,176.2116,177.27,408323.0
2025-09-24,178.1,179.35,174.89,176.03,295210.0
2025-09-25,174.4,176.83,172.395,174.52,330237.0
2025-09-26,176.67,180.5,176.155,178.14,344405.0
2025-09-29,180.0,180.915,177.0,180.55,285889.0
2025-09-30,179.83,181.69,173.73,177.9,592419.0
2025-10-01,175.82,176.89,173.34,173.37,558729.0
2025-10-02,172.99,174.13,170.16,173.04,470254.0
2025-10-03,173.48,178.73,173.1,176.4,636061.0
2025-10-06,178.35,179.6,172.1981,176.24,501028.0
2025-10-07,177.55,179.5,174.41,176.67,372598.0
2025-10-08,178.15,178.15,172.5,174.43,600700.0
2025-10-09,175.19,176.91,170.98,172.14,645525.0
2025-10-10,173.47,175.4105,160.8236,160.99,1419464.0
2025-10-13,164.49,166.7869,162.5,165.58,776117.0
2025-10-14,162.62,174.6562,161.36,170.81,1038882.0
2025-10-15,173.61,175.73,166.98,170.68,801288.0
2025-10-16,169.0,169.4963,154.42,156.45,1264823.0
2025-10-17,157.66,161.68,156.07,160.19,889718.0
2025-10-20,161.53,166.55,161.12,165.6,542001.0
2025-10-21,164.7,168.63,163.981,164.88,359339.0
2025-10-22,165.5,165.5,159.22,161.97,588381.0
2025-10-23,163.44,164.4,160.81,163.21,334579.0
2025-10-24,165.67,169.8,165.67,168.34,562372.0
2025-10-27,170.41,171.11,169.1267,170.05,397336.0
2025-10-28,170.18,170.75,166.5001,166.95,460594.0
2025-10-29,161.62,163.0,156.4,158.45,1043173.0
2025-10-30,157.89,165.08,157.89,159.81,696767.0
2025-10-31,157.85,162.0356,157.0,160.6,427054.0
2025-11-03,160.6,160.61,154.2028,158.69,769916.0
2025-11-04,157.1,162.2666,155.85,161.04,561152.0
2025-11-05,161.53,164.6849,158.9201,162.56,382930.0
2025-11-06,162.01,163.6674,158.83,161.08,381755.0
2025-11-07,159.91,164.4,157.93,164.23,563580.0
2025-11-10,165.34,167.6,163.08,165.95,530193.0
2025-11-11,166.34,169.3,165.1928,167.86,335174.0
2025-11-12,168.6,174.5125,168.6,172.4,628944.0
2025-11-13,171.74,173.01,164.96,165.56,904429.0
2025-11-14,164.0,164.0,159.03,160.79,752165.0
2025-11-17,160.97,160.97,149.68,151.4,802717.0
2025-11-18,150.0,154.0,148.7367,150.67,585435.0
2025-11-19,150.91,153.0,149.1025,152.52,410724.0
2025-11-20,156.16,159.55,148.17,148.43,791189.0
2025-11-21,151.19,155.56,148.49,153.23,634432.0
2025-11-24,153.69,155.62,149.895,155.06,448573.0
2025-11-25,156.62,161.779,155.14,160.7,487543.0
2025-11-26,161.52,166.15,161.315,164.43,534765.0
2025-11-28,165.6,169.8,165.0,167.71,197989.0
2025-12-01,165.25,168.29,163.2031,163.51,318929.0
2025-12-02,164.18,165.775,161.33,163.25,342587.0
2025-12-03,163.66,169.99,163.6,169.37,356223.0
2025-12-04,170.0,172.81,168.92,170.5,381052.0
2025-12-05,169.55,173.0899,168.25,170.71,392833.0
2025-12-08,170.87,170.87,166.89,168.65,323376.0
2025-12-09,168.68,173.07,166.48,166.6,599662.0
2025-12-10,155.03,162.0,153.93,160.18,876503.0
2025-12-11,160.69,169.98,160.69,169.2,698160.0
2025-12-12,171.52,172.0,167.36,169.48,476902.0
2025-12-15,171.64,172.9,168.5,170.28,344011.0
2025-12-16,170.45,171.49,165.34,166.54,561025.0
2025-12-17,168.12,170.54,166.27,166.41,458552.0
2025-12-18,168.0,170.1,163.95,165.72,403966.0
2025-12-19,166.05,169.8,166.05,168.48,311481.0
2025-12-22,169.25,175.5,169.11,174.41,454789.0
2025-12-23,174.0,176.2,173.95,174.85,254654.0
2025-12-24,175.66,179.24,174.6647,177.75,257850.0
2025-12-26,177.07,178.2,174.81,176.42,291948.0
2025-12-29,176.03,177.15,173.16,173.7,402941.0
2025-12-30,174.09,174.17,171.95,172.24,296272.0
2025-12-31,172.54,173.0699,168.185,168.33,390046.0
2026-01-02,169.24,170.25,164.2291,169.65,677816.0
2026-01-05,168.68,184.2008,168.52,180.71,987945.0
2026-01-06,179.41,184.4,179.37,183.46,476409.0
2026-01-07,182.38,182.57,174.87,175.53,764066.0
2026-01-08,174.03,181.5,173.66,178.5,527106.0
2026-01-09,178.9,180.58,176.48,176.48,358746.0
2026-01-12,170.0,172.96,168.0,172.26,929681.0
2026-01-13,171.035,171.45,161.64,162.6,1440603.0
2026-01-14,160.82,162.0,157.4601,162.0,1093821.0
2026-01-15,161.99,166.43,161.99,163.38,939290.0
2026-01-16,163.57,166.795,162.51,163.89,564682.0
2026-01-20,156.83,160.9001,151.86,152.69,1099115.0
2026-01-21,154.43,158.0,153.0,154.75,973995.0
2026-01-22,156.75,159.97,156.47,157.85,650539.0
2026-01-23,155.01,155.3,149.61,151.23,898644.0
2026-01-26,151.46,155.278,151.34,154.03,462949.0
2026-01-27,153.53,153.99,149.2,150.59,711247.0
2026-01-28,149.67,152.2,148.46,150.35,669716.0
2026-01-29,152.63,155.76,150.34,154.88,735749.0
2026-01-30,153.52,155.88,150.45,154.04,649424.0
2026-02-02,154.25,159.5,152.0,158.74,592421.0
2026-02-03,156.74,160.18,151.4126,154.65,899874.0
2026-02-04,154.62,160.17,153.5301,158.04,794280.0
2026-02-05,158.18,159.1947,151.4,152.28,792178.0
2026-02-06,156.81,161.21,156.74,160.34,711832.0
2026-02-09,159.0,161.66,157.33,157.59,416308.0
2026-02-10,155.49,160.38,150.46,154.19,686223.0
2026-02-11,155.26,157.52,146.85,147.27,1030373.0
2026-02-12,148.5,150.18,136.17,138.21,1100307.0
2026-02-13,137.41,140.0,134.7856,138.01,853591.0
2026-02-17,139.82,143.85,139.495,142.24,614528.0
2026-02-18,143.48,146.86,142.93,145.43,430582.0
2026-02-19,141.59,143.6,138.31,141.68,597351.0
2026-02-20,140.75,144.36,138.07,144.23,782483.0
2026-02-23,141.78,144.05,129.1101,130.0,1939772.980444
2026-02-24,128.22,133.1584,126.0,131.54,1304912.440857
2026-02-25,133.77,138.6099,133.1,138.13,979637.751042
2026-02-26,139.45,144.74,139.27,143.38,785666.797652
2026-02-27,137.95,139.52,131.18,134.79,1182890.215762
2026-03-02,128.44,136.09,126.86,133.58,1114053.390933
2026-03-03,126.3,135.45,124.01,132.91,1866593.302571
2026-03-04,134.13,136.22,131.77,135.19,691902.582226
2026-03-05,133.14,137.5,130.33,133.0,867395.188373
2026-03-06,126.75,127.9495,121.25,127.66,1151847.391072
2026-03-09,122.71,127.2075,117.125,125.65,1357216.943156
2026-03-10,125.31,128.4,121.5,123.71,1291780.798578
2026-03-11,123.08,124.02,117.51,120.66,1257821.491468
2026-03-12,116.33,117.39,114.33,114.76,1642735.436341
2026-03-13,116.69,118.98,114.69,114.84,1869513.735775
2026-03-16,117.4,120.87,116.46,117.77,897358.019115
2026-03-17,120.3,124.09,119.37,119.58,691399.529298
2026-03-18,118.145,120.6,115.03,115.29,1021028.700974
2026-03-19,113.98,116.718,112.1501,115.33,1221876.604151
2026-03-20,115.17,117.8,113.99,116.02,1572131.946136
2026-03-23,122.03,123.2,118.7817,119.09,1277887.802728
2026-03-24,115.14,120.75,115.0,118.47,655289.488314
2026-03-25,121.05,123.28,116.4184,118.87,832658.614284
2026-03-26,117.12,119.91,115.63,116.75,612775.393292
2026-03-27,115.09,115.2,106.905,107.91,1146018.116717
2026-03-30,110.62,113.9467,109.78,111.42,832085.225373
2026-03-31,115.35,119.07,112.51,118.5,1014573.776379
2026-04-01,121.18,121.96,116.85,118.54,1055150.61673
2026-04-02,114.14,121.5,112.9,119.66,1123032.023579
2026-04-06,119.57,122.825,118.92,121.94,786292.363579
2026-04-07,120.11,122.99,119.21,121.98,631666.695814
2026-04-08,130.95,133.47,129.96,131.45,964555.605987
2026-04-09,129.73,134.15,128.48,132.46,621789.59606
2026-04-10,132.25,132.25,127.205,128.33,945235.581521
2026-04-13,125.86,134.85,125.1879,134.8,773731.533515
2026-04-14,133.7,136.72,133.42,135.68,771702.024099
2026-04-15,138.0,140.05,136.065,138.72,848836.486051
2026-04-16,138.01,140.67,136.77,137.77,768844.111276
2026-04-17,140.34,145.0,139.6601,140.83,931103.095304
2026-04-20,139.49,143.31,139.19,142.16,636997.761054
2026-04-21,142.69,146.71,138.74,139.5,1239549.200366
2026-04-22,140.84,142.22,137.74,138.5,545009.051848
2026-04-23,137.84,138.32,131.4902,135.45,773632.817769
2026-04-24,133.59,134.56,131.69,132.68,623231.234709
2026-04-27,131.5,136.06,131.3,135.35,405718.494087
2026-04-28,138.295,139.89,135.26,135.83,439554.020252
2026-04-29,137.5,139.05,134.44,136.26,442296.387102
2026-04-30,133.0,138.63,130.66,137.92,626125.048145
2026-05-01,139.56,141.4,136.01,136.01,451977.852569
2026-05-04,134.99,138.05,132.66,133.39,611110.88598
2026-05-05,133.89,134.7,131.8,133.42,614359.289202
2026-05-06,135.82,138.28,134.75,135.17,685014.298344
2026-05-07,134.6,137.03,131.94,132.89,639917.579846
2026-05-08,133.71,134.18,129.66,130.41,648460.419152
2026-05-11,130.675,132.05,128.21,129.83,543422.981825
2026-05-12,130.09,133.76,127.1,132.71,646126.284257
2026-05-13,130.25,130.95,128.11,128.47,511133.08546
2026-05-14,130.35,132.08,129.1,130.58,461173.672696
2026-05-15,130.27,132.0,128.55,129.04,470269.928414
2026-05-18,128.6,134.2,128.39,133.68,538882.143132
2026-05-19,132.7,134.1051,128.47,128.91,554043.858384
2026-05-20,129.8,133.35,126.4,132.79,598926.357166
2026-05-21,131.82,134.18,129.5,133.53,566853.132961
2026-05-22,134.96,136.765,134.26,134.91,612855.634352
2026-05-26,135.375,137.2,133.38,134.55,606764.253799
2026-05-27,134.01,135.27,130.13,131.04,711743.081932
2026-05-28,129.7,131.53,127.74,129.82,754239.343927
2026-05-29,129.55,133.5299,128.83,131.88,618166.233104
2026-06-01,129.29,132.07,128.99,130.76,799282.495162
2026-06-02,129.36,132.5,127.322,131.07,869633.182895
2026-06-03,128.5,128.62,123.8,126.52,1028363.744621
2026-06-04,130.84,136.9899,130.84,136.35,1028719.871276
2026-06-05,137.44,138.29,135.17,136.82,891387.495019
2026-06-08,136.3,138.1,134.24,134.43,526483.122667
2026-06-09,135.65,139.97,134.835,138.28,1224778.042118
2026-06-10,137.96,140.78,136.13,136.13,578031.616795
2026-06-11,137.14,140.33,134.78,139.11,818783.607017
2026-06-12,141.34,146.49,140.76,144.88,982597.622896
2026-06-15,148.12,149.95,146.0,146.56,624020.026469
2026-06-16,149.87,153.74,148.99,153.0,651204.85344
2026-06-17,152.55,157.57,149.3418,150.73,780771.291108
2026-06-18,154.24,155.075,145.44,146.37,545914.928424
2026-06-22,147.8,151.42,147.72,148.89,461396.737969
2026-06-23,147.39,151.0,146.6,149.89,307796.886287
2026-06-24,149.85,151.63,147.0,148.51,445071.142138
2026-06-25,150.07,156.3,145.76,146.18,594473.216474
2026-06-26,147.18,150.0,144.11,147.01,475479.042921
2026-06-29,147.76,150.77,147.76,148.12,342219.285984
2026-06-30,147.94,149.17,145.5,147.18,370825.9205
2026-07-01,148.55,159.305,148.5,157.03,704908.540592
2026-07-02,160.69,164.09,158.65,163.85,714324.250303
